event,session_id,client_frame_id,event_ns,wake_ns,predicted_display_ns,predicted_period_ns,display_time_ns,cpu_est_ns,draw_est_ns,gpu_est_ns,cpu_actual_ns,draw_actual_ns,gpu_actual_ns
predict,0,1,2665032148842000,2665032151417878,2665032164737210,16666666,0,2000000,2000000,0,0,0,0
predict,0,2,2665032152471000,2665032168084544,2665032181403876,16666666,0,2000000,2000000,0,0,0,0
delivered,0,2,2665032199008000,2665032168084544,2665032181403876,16666666,2665032181403876,2000000,2000000,0,32000,28844000,0
gpu_done,0,2,2665032199060000,2665032168084544,2665032181403876,16666666,2665032181403876,1606400,7368799,10399,32000,28844000,52000
predict,0,3,2665032199158000,2665032213095734,2665032231403874,16666666,0,1606400,7368799,10399,0,0,0
delivered,0,3,2665032215518000,2665032213095734,2665032231403874,16666666,2665032231403874,1606400,7368799,10399,34000,1190000,0
predict,0,4,2665032215634000,2665032229761734,2665032248070540,16666666,0,1606400,7368799,10399,0,0,0
gpu_done,0,3,2665032215926000,2665032213095734,2665032231403874,16666666,2665032231403874,1291920,6133039,89919,34000,1190000,408000
delivered,0,4,2665032233962000,2665032229761734,2665032248070540,16666666,2665032248070540,1291920,6133039,89919,28000,970000,0
predict,0,5,2665032234118000,2665032247899454,2665032264737206,16666666,0,1291920,6133039,89919,0,0,0
gpu_done,0,4,2665032234745000,2665032229761734,2665032248070540,16666666,2665032248070540,1039136,5100431,228535,28000,970000,783000
delivered,0,5,2665032249743000,2665032247899454,2665032264737206,16666666,2665032264737206,1039136,5100431,228535,34000,1415000,0
predict,0,6,2665032250116000,2665032265712230,2665032281403872,16666666,0,1039136,5100431,228535,0,0,0
gpu_done,0,5,2665032250699000,2665032247899454,2665032264737206,16666666,2665032264737206,838108,4363344,374028,34000,1415000,956000
delivered,0,6,2665032270335000,2665032265712230,2665032281403872,16666666,2665032281403872,838108,4363344,374028,34000,668000,0
predict,0,7,2665032270449000,2665032283179852,2665032298070538,16666666,0,838108,4363344,374028,0,0,0
gpu_done,0,6,2665032272577000,2665032265712230,2665032281403872,16666666,2665032281403872,677286,3624275,747622,34000,668000,2242000
delivered,0,7,2665032286967000,2665032283179852,2665032298070538,16666666,2665032298070538,677286,3624275,747622,32000,641000,0
predict,0,8,2665032287092000,2665032300372149,2665032314737204,16666666,0,677286,3624275,747622,0,0,0
gpu_done,0,7,2665032287733000,2665032283179852,2665032298070538,16666666,2665032298070538,548228,3027620,751297,32000,641000,766000
delivered,0,8,2665032303103000,2665032300372149,2665032314737204,16666666,2665032314737204,548228,3027620,751297,28000,705000,0
predict,0,9,2665032303249000,2665032317752187,2665032331403870,16666666,0,548228,3027620,751297,0,0,0
gpu_done,0,8,2665032304998000,2665032300372149,2665032314737204,16666666,2665032314737204,444182,2563096,980037,28000,705000,1895000
delivered,0,9,2665032321518000,2665032317752187,2665032331403870,16666666,2665032331403870,444182,2563096,980037,31000,672000,0
predict,0,10,2665032321670000,2665032334758017,2665032348070536,16666666,0,444182,2563096,980037,0,0,0
gpu_done,0,9,2665032322366000,2665032317752187,2665032331403870,16666666,2665032331403870,361545,2184876,953629,31000,672000,848000
delivered,0,10,2665032336409000,2665032334758017,2665032348070536,16666666,2665032348070536,361545,2184876,953629,27000,575000,0
predict,0,11,2665032336558000,2665032351924282,2665032364737202,16666666,0,361545,2184876,953629,0,0,0
gpu_done,0,10,2665032338328000,2665032334758017,2665032348070536,16666666,2665032348070536,294636,1862900,1146703,27000,575000,1919000
delivered,0,11,2665032356405000,2665032351924282,2665032364737202,16666666,2665032364737202,294636,1862900,1146703,47000,959000,0
predict,0,12,2665032356527000,2665032368788093,2665032381403868,16666666,0,294636,1862900,1146703,0,0,0
gpu_done,0,11,2665032356868000,2665032351924282,2665032364737202,16666666,2665032364737202,245108,1682120,1009962,47000,959000,463000
delivered,0,12,2665032372535000,2665032368788093,2665032381403868,16666666,2665032381403868,245108,1682120,1009962,32000,623000,0
predict,0,13,2665032372723000,2665032385809142,2665032398070534,16666666,0,245108,1682120,1009962,0,0,0
gpu_done,0,12,2665032372960000,2665032368788093,2665032381403868,16666666,2665032381403868,202486,1470296,892969,32000,623000,425000
delivered,0,13,2665032390236000,2665032385809142,2665032398070534,16666666,2665032398070534,202486,1470296,892969,31000,1046000,0
predict,0,14,2665032390397000,2665032402854581,2665032414737200,16666666,0,202486,1470296,892969,0,0,0
gpu_done,0,13,2665032390636000,2665032385809142,2665032398070534,16666666,2665032398070534,168188,1385436,794375,31000,1046000,400000
delivered,0,14,2665032405321000,2665032402854581,2665032414737200,16666666,2665032414737200,168188,1385436,794375,28000,635000,0
predict,0,15,2665032405418000,2665032419758333,2665032431403866,16666666,0,168188,1385436,794375,0,0,0
gpu_done,0,14,2665032406046000,2665032402854581,2665032414737200,16666666,2665032414737200,140150,1235348,780500,28000,635000,725000
delivered,0,15,2665032423675000,2665032419758333,2665032431403866,16666666,2665032431403866,140150,1235348,780500,27000,725000,0
predict,0,16,2665032423827000,2665032436591334,2665032448070532,16666666,0,140150,1235348,780500,0,0,0
gpu_done,0,15,2665032424578000,2665032419758333,2665032431403866,16666666,2665032431403866,117520,1133278,805000,27000,725000,903000
delivered,0,16,2665032439030000,2665032436591334,2665032448070532,16666666,2665032448070532,117520,1133278,805000,28000,599000,0
predict,0,17,2665032439131000,2665032453355534,2665032464737198,16666666,0,117520,1133278,805000,0,0,0
gpu_done,0,16,2665032439835000,2665032436591334,2665032448070532,16666666,2665032448070532,99616,1026422,805000,28000,599000,805000
delivered,0,17,2665032457933000,2665032453355534,2665032464737198,16666666,2665032464737198,99616,1026422,805000,145000,839000,0
predict,0,18,2665032458073000,2665032470149628,2665032481403864,16666666,0,99616,1026422,805000,0,0,0
gpu_done,0,17,2665032458987000,2665032453355534,2665032464737198,16666666,2665032464737198,108692,988937,854800,145000,839000,1054000
delivered,0,18,2665032474145000,2665032470149628,2665032481403864,16666666,2665032481403864,108692,988937,854800,32000,1067000,0
predict,0,19,2665032474319000,2665032486795237,2665032498070530,16666666,0,108692,988937,854800,0,0,0
gpu_done,0,18,2665032475190000,2665032470149628,2665032481403864,16666666,2665032481403864,93353,1004549,892840,32000,1067000,1045000
delivered,0,19,2665032487698000,2665032486795237,2665032498070530,16666666,2665032498070530,93353,1004549,892840,31000,719000,0
predict,0,20,2665032487801000,2665032503423590,2665032514737196,16666666,0,93353,1004549,892840,0,0,0
gpu_done,0,19,2665032488889000,2665032486795237,2665032498070530,16666666,2665032498070530,80882,947439,952472,31000,719000,1191000
delivered,0,20,2665032508663000,2665032503423590,2665032514737196,16666666,2665032514737196,80882,947439,952472,38000,1345000,0
predict,0,21,2665032508903000,2665032520099873,2665032531403862,16666666,0,80882,947439,952472,0,0,0
gpu_done,0,20,2665032510276000,2665032503423590,2665032514737196,16666666,2665032514737196,72305,1026951,1084577,38000,1345000,1613000
delivered,0,21,2665032522852000,2665032520099873,2665032531403862,16666666,2665032531403862,72305,1026951,1084577,29000,754000,0
predict,0,22,2665032522980000,2665032536563499,2665032548070528,16666666,0,72305,1026951,1084577,0,0,0
gpu_done,0,21,2665032524634000,2665032520099873,2665032531403862,16666666,2665032531403862,63644,972360,1224061,29000,754000,1782000
delivered,0,22,2665032538170000,2665032536563499,2665032548070528,16666666,2665032548070528,63644,972360,1224061,35000,772000,0
predict,0,23,2665032538293000,2665032553171267,2665032564737194,16666666,0,63644,972360,1224061,0,0,0
gpu_done,0,22,2665032539464000,2665032536563499,2665032548070528,16666666,2665032548070528,57915,932288,1238048,35000,772000,1294000
delivered,0,23,2665032554324000,2665032553171267,2665032564737194,16666666,2665032564737194,57915,932288,1238048,28000,631000,0
predict,0,24,2665032554474000,2665032569861081,2665032581403860,16666666,0,57915,932288,1238048,0,0,0
gpu_done,0,23,2665032555307000,2665032553171267,2665032564737194,16666666,2665032564737194,51932,872030,1187038,28000,631000,983000
delivered,0,24,2665032575408000,2665032569861081,2665032581403860,16666666,2665032581403860,51932,872030,1187038,61000,1788000,0
predict,0,25,2665032575568000,2665032586650666,2665032598070526,16666666,0,51932,872030,1187038,0,0,0
gpu_done,0,24,2665032576716000,2665032569861081,2665032581403860,16666666,2665032581403860,53745,1055224,1211230,61000,1788000,1308000
delivered,0,25,2665032591462000,2665032586650666,2665032598070526,16666666,2665032598070526,53745,1055224,1211230,29000,1977000,0
predict,0,26,2665032592067000,2665032603107467,2665032614737192,16666666,0,53745,1055224,1211230,0,0,0
gpu_done,0,25,2665032592543000,2665032586650666,2665032598070526,16666666,2665032598070526,48796,1239579,1185184,29000,1977000,1081000
delivered,0,26,2665032606384000,2665032603107467,2665032614737192,16666666,2665032614737192,48796,1239579,1185184,35000,631000,0
predict,0,27,2665032606479000,2665032619620773,2665032631403858,16666666,0,48796,1239579,1185184,0,0,0
gpu_done,0,26,2665032607218000,2665032603107467,2665032614737192,16666666,2665032614737192,46036,1117863,1114947,35000,631000,834000
delivered,0,27,2665032622417000,2665032619620773,2665032631403858,16666666,2665032631403858,46036,1117863,1114947,78000,771000,0
predict,0,28,2665032622538000,2665032636470486,2665032648070524,16666666,0,46036,1117863,1114947,0,0,0
gpu_done,0,27,2665032623180000,2665032619620773,2665032631403858,16666666,2665032631403858,52428,1048490,1044557,78000,771000,763000
delivered,0,28,2665032637630000,2665032636470486,2665032648070524,16666666,2665032648070524,52428,1048490,1044557,31000,731000,0
predict,0,29,2665032637733000,2665032653279857,2665032664737190,16666666,0,52428,1048490,1044557,0,0,0
gpu_done,0,28,2665032639021000,2665032636470486,2665032648070524,16666666,2665032648070524,48142,984992,1113845,31000,731000,1391000
delivered,0,29,2665032658710000,2665032653279857,2665032664737190,16666666,2665032664737190,48142,984992,1113845,64000,1783000,0
predict,0,30,2665032658837000,2665032669946687,2665032681403856,16666666,0,48142,984992,1113845,0,0,0
gpu_done,0,29,2665032659610000,2665032653279857,2665032664737190,16666666,2665032664737190,51313,1144593,1071076,64000,1783000,900000
delivered,0,30,2665032673432000,2665032669946687,2665032681403856,16666666,2665032681403856,51313,1144593,1071076,37000,671000,0
predict,0,31,2665032673796000,2665032686493350,2665032698070522,16666666,0,51313,1144593,1071076,0,0,0
gpu_done,0,30,2665032674421000,2665032669946687,2665032681403856,16666666,2665032681403856,48450,1049874,1054660,37000,671000,989000
delivered,0,31,2665032690730000,2665032686493350,2665032698070522,16666666,2665032698070522,48450,1049874,1054660,30000,996000,0
predict,0,32,2665032690952000,2665032703263682,2665032714737188,16666666,0,48450,1049874,1054660,0,0,0
gpu_done,0,31,2665032691534000,2665032686493350,2665032698070522,16666666,2665032698070522,44760,1039099,1004528,30000,996000,804000
delivered,0,32,2665032706500000,2665032703263682,2665032714737188,16666666,2665032714737188,44760,1039099,1004528,26000,626000,0
predict,0,33,2665032706631000,2665032719994945,2665032731403854,16666666,0,44760,1039099,1004528,0,0,0
gpu_done,0,32,2665032708520000,2665032703263682,2665032714737188,16666666,2665032714737188,41008,956479,1207622,26000,626000,2020000
delivered,0,33,2665032725116000,2665032719994945,2665032731403854,16666666,2665032731403854,41008,956479,1207622,61000,1651000,0
predict,0,34,2665032725231000,2665032736555557,2665032748070520,16666666,0,41008,956479,1207622,0,0,0
gpu_done,0,33,2665032725887000,2665032719994945,2665032731403854,16666666,2665032731403854,45006,1095383,1120297,61000,1651000,771000
delivered,0,34,2665032738748000,2665032736555557,2665032748070520,16666666,2665032748070520,45006,1095383,1120297,55000,706000,0
predict,0,35,2665032738854000,2665032753166646,2665032764737186,16666666,0,45006,1095383,1120297,0,0,0
gpu_done,0,34,2665032739920000,2665032736555557,2665032748070520,16666666,2665032748070520,47004,1017506,1130637,55000,706000,1172000
delivered,0,35,2665032754559000,2665032753166646,2665032764737186,16666666,2665032764737186,47004,1017506,1130637,30000,641000,0
predict,0,36,2665032754652000,2665032769885185,2665032781403852,16666666,0,47004,1017506,1130637,0,0,0
gpu_done,0,35,2665032755506000,2665032753166646,2665032764737186,16666666,2665032764737186,43603,942204,1093909,30000,641000,947000
delivered,0,36,2665032770824000,2665032769885185,2665032781403852,16666666,2665032781403852,43603,942204,1093909,27000,647000,0
predict,0,37,2665032770928000,2665032786675616,2665032798070518,16666666,0,43603,942204,1093909,0,0,0
gpu_done,0,36,2665032772025000,2665032769885185,2665032781403852,16666666,2665032781403852,40282,883163,1115327,27000,647000,1201000
delivered,0,37,2665032791448000,2665032786675616,2665032798070518,16666666,2665032798070518,40282,883163,1115327,62000,1189000,0
predict,0,38,2665032791570000,2665032803391894,2665032814737184,16666666,0,40282,883163,1115327,0,0,0
gpu_done,0,37,2665032792366000,2665032786675616,2665032798070518,16666666,2665032798070518,44625,944330,1075861,62000,1189000,918000
delivered,0,38,2665032805505000,2665032803391894,2665032814737184,16666666,2665032814737184,44625,944330,1075861,25000,616000,0
predict,0,39,2665032805604000,2665032820032516,2665032831403850,16666666,0,44625,944330,1075861,0,0,0
gpu_done,0,38,2665032806276000,2665032803391894,2665032814737184,16666666,2665032814737184,40700,878663,1014888,25000,616000,771000
delivered,0,39,2665032824748000,2665032820032516,2665032831403850,16666666,2665032831403850,40700,878663,1014888,26000,1793000,0
predict,0,40,2665032825176000,2665032836829415,2665032848070516,16666666,0,40700,878663,1014888,0,0,0
gpu_done,0,39,2665032825765000,2665032820032516,2665032831403850,16666666,2665032831403850,37760,1061530,1015310,26000,1793000,1017000
delivered,0,40,2665032837598000,2665032836829415,2665032848070516,16666666,2665032848070516,37760,1061530,1015310,27000,672000,0
predict,0,41,2665032837700000,2665032853315732,2665032864737182,16666666,0,37760,1061530,1015310,0,0,0
gpu_done,0,40,2665032839007000,2665032836829415,2665032848070516,16666666,2665032848070516,35607,983624,1094048,27000,672000,1409000
delivered,0,41,2665032858972000,2665032853315732,2665032864737182,16666666,2665032864737182,35607,983624,1094048,71000,2046000,0
predict,0,42,2665032859092000,2665032869977387,2665032881403848,16666666,0,35607,983624,1094048,0,0,0
gpu_done,0,41,2665032859751000,2665032853315732,2665032864737182,16666666,2665032864737182,42685,1196099,1031038,71000,2046000,779000
delivered,0,42,2665032870761000,2665032869977387,2665032881403848,16666666,2665032881403848,42685,1196099,1031038,24000,710000,0
predict,0,43,2665032870875000,2665032886487510,2665032898070514,16666666,0,42685,1196099,1031038,0,0,0
gpu_done,0,42,2665032872153000,2665032869977387,2665032881403848,16666666,2665032881403848,38948,1098879,1103230,24000,710000,1392000
delivered,0,43,2665032891749000,2665032886487510,2665032898070514,16666666,2665032898070514,38948,1098879,1103230,62000,1662000,0
predict,0,44,2665032891853000,2665032903183609,2665032914737180,16666666,0,38948,1098879,1103230,0,0,0
gpu_done,0,43,2665032892813000,2665032886487510,2665032898070514,16666666,2665032898070514,43558,1211503,1095384,62000,1662000,1064000
delivered,0,44,2665032905730000,2665032903183609,2665032914737180,16666666,2665032914737180,43558,1211503,1095384,26000,676000,0
predict,0,45,2665032905830000,2665032919740887,2665032931403846,16666666,0,43558,1211503,1095384,0,0,0
gpu_done,0,44,2665032906480000,2665032903183609,2665032914737180,16666666,2665032914737180,40046,1104402,1026307,26000,676000,750000
delivered,0,45,2665032922572000,2665032919740887,2665032931403846,16666666,2665032931403846,40046,1104402,1026307,30000,691000,0
predict,0,46,2665032922685000,2665032936588577,2665032948070512,16666666,0,40046,1104402,1026307,0,0,0
gpu_done,0,45,2665032923364000,2665032919740887,2665032931403846,16666666,2665032931403846,38036,1021721,979445,30000,691000,792000
delivered,0,46,2665032938536000,2665032936588577,2665032948070512,16666666,2665032948070512,38036,1021721,979445,28000,650000,0
predict,0,47,2665032938651000,2665032953373130,2665032964737178,16666666,0,38036,1021721,979445,0,0,0
gpu_done,0,46,2665032942760000,2665032936588577,2665032948070512,16666666,2665032948070512,36028,947376,1628355,28000,650000,4224000
delivered,0,47,2665032955656000,2665032953373130,2665032964737178,16666666,2665032964737178,36028,947376,1628355,30000,757000,0
predict,0,48,2665032955801000,2665032969480573,2665032981403844,16666666,0,36028,947376,1628355,0,0,0
gpu_done,0,47,2665032957187000,2665032953373130,2665032964737178,16666666,2665032964737178,34822,909300,1608884,30000,757000,1531000
delivered,0,48,2665032970588000,2665032969480573,2665032981403844,16666666,2665032981403844,34822,909300,1608884,29000,707000,0
predict,0,49,2665032970711000,2665032986194326,2665032998070510,16666666,0,34822,909300,1608884,0,0,0
gpu_done,0,48,2665032972880000,2665032969480573,2665032981403844,16666666,2665032981403844,33657,868840,1745507,29000,707000,2292000
delivered,0,49,2665032988098000,2665032986194326,2665032998070510,16666666,2665032998070510,33657,868840,1745507,25000,713000,0
predict,0,50,2665032988224000,2665033002766328,2665033014737176,16666666,0,33657,868840,1745507,0,0,0
gpu_done,0,49,2665032989237000,2665032986194326,2665032998070510,16666666,2665032998070510,31925,837672,1624205,25000,713000,1139000
delivered,0,50,2665033006154000,2665033002766328,2665033014737176,16666666,2665033014737176,31925,837672,1624205,64000,792000,0
predict,0,51,2665033006275000,2665033019595530,2665033031403842,16666666,0,31925,837672,1624205,0,0,0
gpu_done,0,50,2665033007542000,2665033002766328,2665033014737176,16666666,2665033014737176,38339,828537,1576964,64000,792000,1388000
delivered,0,51,2665033021168000,2665033019595530,2665033031403842,16666666,2665033031403842,38339,828537,1576964,31000,771000,0
predict,0,52,2665033021404000,2665033036309492,2665033048070508,16666666,0,38339,828537,1576964,0,0,0
gpu_done,0,51,2665033022298000,2665033019595530,2665033031403842,16666666,2665033031403842,36871,817029,1487571,31000,771000,1130000
delivered,0,52,2665033037963000,2665033036309492,2665033048070508,16666666,2665033048070508,36871,817029,1487571,30000,735000,0
predict,0,53,2665033038087000,2665033053083861,2665033064737174,16666666,0,36871,817029,1487571,0,0,0
gpu_done,0,52,2665033039332000,2665033036309492,2665033048070508,16666666,2665033048070508,35496,800623,1463856,30000,735000,1369000
delivered,0,53,2665033057640000,2665033053083861,2665033064737174,16666666,2665033064737174,35496,800623,1463856,39000,729000,0
predict,0,54,2665033057917000,2665033069785691,2665033081403840,16666666,0,35496,800623,1463856,0,0,0
gpu_done,0,53,2665033058868000,2665033053083861,2665033064737174,16666666,2665033064737174,36196,786298,1416684,39000,729000,1228000
delivered,0,54,2665033071155000,2665033069785691,2665033081403840,16666666,2665033081403840,36196,786298,1416684,40000,756000,0
predict,0,55,2665033071279000,2665033086513154,2665033098070506,16666666,0,36196,786298,1416684,0,0,0
gpu_done,0,54,2665033072565000,2665033069785691,2665033081403840,16666666,2665033081403840,36956,780238,1415347,40000,756000,1410000
delivered,0,55,2665033091673000,2665033086513154,2665033098070506,16666666,2665033098070506,36956,780238,1415347,37000,1864000,0
predict,0,56,2665033091916000,2665033103191125,2665033114737172,16666666,0,36956,780238,1415347,0,0,0
gpu_done,0,55,2665033092187000,2665033086513154,2665033098070506,16666666,2665033098070506,36964,996990,1235077,37000,1864000,514000
delivered,0,56,2665033106887000,2665033103191125,2665033114737172,16666666,2665033114737172,36964,996990,1235077,34000,809000,0
predict,0,57,2665033107010000,2665033119821301,2665033131403838,16666666,0,36964,996990,1235077,0,0,0
gpu_done,0,56,2665033107986000,2665033103191125,2665033114737172,16666666,2665033114737172,36371,959391,1207861,34000,809000,1099000
delivered,0,57,2665033122532000,2665033119821301,2665033131403838,16666666,2665033131403838,36371,959391,1207861,36000,945000,0
predict,0,58,2665033122650000,2665033136547709,2665033148070504,16666666,0,36371,959391,1207861,0,0,0
gpu_done,0,57,2665033123749000,2665033119821301,2665033131403838,16666666,2665033131403838,36296,956512,1209688,36000,945000,1217000
delivered,0,58,2665033137679000,2665033136547709,2665033148070504,16666666,2665033148070504,36296,956512,1209688,28000,750000,0
predict,0,59,2665033137805000,2665033153226836,2665033164737170,16666666,0,36296,956512,1209688,0,0,0
gpu_done,0,58,2665033139588000,2665033136547709,2665033148070504,16666666,2665033148070504,34636,915209,1349550,28000,750000,1909000
delivered,0,59,2665033158639000,2665033153226836,2665033164737170,16666666,2665033164737170,34636,915209,1349550,69000,1678000,0
predict,0,60,2665033158778000,2665033169798271,2665033181403836,16666666,0,34636,915209,1349550,0,0,0
gpu_done,0,59,2665033159792000,2665033153226836,2665033164737170,16666666,2665033164737170,41508,1067767,1310239,69000,1678000,1153000
delivered,0,60,2665033171531000,2665033169798271,2665033181403836,16666666,2665033181403836,41508,1067767,1310239,33000,689000,0
predict,0,61,2665033171650000,2665033186344818,2665033198070502,16666666,0,41508,1067767,1310239,0,0,0
gpu_done,0,60,2665033172760000,2665033169798271,2665033181403836,16666666,2665033181403836,39806,992013,1293991,33000,689000,1229000
delivered,0,61,2665033187885000,2665033186344818,2665033198070502,16666666,2665033198070502,39806,992013,1293991,40000,849000,0
predict,0,62,2665033187990000,2665033203099522,2665033214737168,16666666,0,39806,992013,1293991,0,0,0
gpu_done,0,61,2665033188714000,2665033186344818,2665033198070502,16666666,2665033198070502,39844,963410,1200992,40000,849000,829000
delivered,0,62,2665033208203000,2665033203099522,2665033214737168,16666666,2665033214737168,39844,963410,1200992,31000,1340000,0
predict,0,63,2665033208321000,2665033219885420,2665033231403834,16666666,0,39844,963410,1200992,0,0,0
gpu_done,0,62,2665033209344000,2665033203099522,2665033214737168,16666666,2665033214737168,38075,1038728,1188993,31000,1340000,1141000
delivered,0,63,2665033220940000,2665033219885420,2665033231403834,16666666,2665033231403834,38075,1038728,1188993,30000,676000,0
predict,0,64,2665033221064000,2665033236490536,2665033248070500,16666666,0,38075,1038728,1188993,0,0,0
gpu_done,0,63,2665033222134000,2665033219885420,2665033231403834,16666666,2665033231403834,36460,966182,1189994,30000,676000,1194000
delivered,0,64,2665033239879000,2665033236490536,2665033248070500,16666666,2665033248070500,36460,966182,1189994,40000,639000,0
predict,0,65,2665033239995000,2665033253229696,2665033264737166,16666666,0,36460,966182,1189994,0,0,0
gpu_done,0,64,2665033240762000,2665033236490536,2665033248070500,16666666,2665033248070500,37168,900745,1128595,40000,639000,883000
delivered,0,65,2665033258619000,2665033253229696,2665033264737166,16666666,2665033264737166,37168,900745,1128595,61000,1963000,0
predict,0,66,2665033258745000,2665033270030158,2665033281403832,16666666,0,37168,900745,1128595,0,0,0
gpu_done,0,65,2665033259611000,2665033253229696,2665033264737166,16666666,2665033264737166,41934,1113196,1101276,61000,1963000,992000
delivered,0,66,2665033271392000,2665033270030158,2665033281403832,16666666,2665033281403832,41934,1113196,1101276,31000,700000,0
predict,0,67,2665033271498000,2665033286506926,2665033298070498,16666666,0,41934,1113196,1101276,0,0,0
gpu_done,0,66,2665033274537000,2665033270030158,2665033281403832,16666666,2665033281403832,39747,1030556,1510020,31000,700000,3145000
delivered,0,67,2665033291858000,2665033286506926,2665033298070498,16666666,2665033298070498,39747,1030556,1510020,69000,1889000,0
predict,0,68,2665033292010000,2665033302848343,2665033314737164,16666666,0,39747,1030556,1510020,0,0,0
gpu_done,0,67,2665033292878000,2665033286506926,2665033298070498,16666666,2665033298070498,45597,1202244,1412016,69000,1889000,1020000
delivered,0,68,2665033306471000,2665033302848343,2665033314737164,16666666,2665033314737164,45597,1202244,1412016,29000,850000,0
predict,0,69,2665033306582000,2665033319435475,2665033331403830,16666666,0,45597,1202244,1412016,0,0,0
gpu_done,0,68,2665033307476000,2665033302848343,2665033314737164,16666666,2665033314737164,42277,1131795,1330612,29000,850000,1005000
delivered,0,69,2665033322747000,2665033319435475,2665033331403830,16666666,2665033331403830,42277,1131795,1330612,26000,777000,0
predict,0,70,2665033322842000,2665033336243648,2665033348070496,16666666,0,42277,1131795,1330612,0,0,0
gpu_done,0,69,2665033323446000,2665033319435475,2665033331403830,16666666,2665033331403830,39021,1060836,1204289,26000,777000,699000
delivered,0,70,2665033338225000,2665033336243648,2665033348070496,16666666,2665033348070496,39021,1060836,1204289,31000,728000,0
predict,0,71,2665033338334000,2665033353113186,2665033364737162,16666666,0,39021,1060836,1204289,0,0,0
gpu_done,0,70,2665033339561000,2665033336243648,2665033348070496,16666666,2665033348070496,37416,994268,1230631,31000,728000,1336000
delivered,0,71,2665033354665000,2665033353113186,2665033364737162,16666666,2665033364737162,37416,994268,1230631,25000,690000,0
predict,0,72,2665033354773000,2665033369818017,2665033381403828,16666666,0,37416,994268,1230631,0,0,0
gpu_done,0,71,2665033355616000,2665033353113186,2665033364737162,16666666,2665033364737162,34932,933414,1174704,25000,690000,951000
delivered,0,72,2665033370912000,2665033369818017,2665033381403828,16666666,2665033381403828,34932,933414,1174704,28000,683000,0
predict,0,73,2665033371011000,2665033386605282,2665033398070494,16666666,0,34932,933414,1174704,0,0,0
gpu_done,0,72,2665033372334000,2665033369818017,2665033381403828,16666666,2665033381403828,33545,883331,1224163,28000,683000,1422000
delivered,0,73,2665033392187000,2665033386605282,2665033398070494,16666666,2665033398070494,33545,883331,1224163,61000,1738000,0
predict,0,74,2665033392302000,2665033403287627,2665033414737160,16666666,0,33545,883331,1224163,0,0,0
gpu_done,0,73,2665033392941000,2665033386605282,2665033398070494,16666666,2665033398070494,39036,1054264,1130130,61000,1738000,754000
delivered,0,74,2665033404037000,2665033403287627,2665033414737160,16666666,2665033414737160,39036,1054264,1130130,25000,677000,0
predict,0,75,2665033404145000,2665033419871902,2665033431403826,16666666,0,39036,1054264,1130130,0,0,0
gpu_done,0,74,2665033405503000,2665033403287627,2665033414737160,16666666,2665033414737160,36228,978811,1197304,25000,677000,1466000
delivered,0,75,2665033424216000,2665033419871902,2665033431403826,16666666,2665033431403826,36228,978811,1197304,29000,675000,0
predict,0,76,2665033424454000,2665033436534323,2665033448070492,16666666,0,36228,978811,1197304,0,0,0
gpu_done,0,75,2665033425267000,2665033419871902,2665033431403826,16666666,2665033431403826,34782,918048,1168043,29000,675000,1051000
delivered,0,76,2665033441028000,2665033436534323,2665033448070492,16666666,2665033448070492,34782,918048,1168043,28000,1414000,0
predict,0,77,2665033441435000,2665033453302793,2665033464737158,16666666,0,34782,918048,1168043,0,0,0
gpu_done,0,76,2665033442074000,2665033436534323,2665033448070492,16666666,2665033448070492,33425,1017238,1143634,28000,1414000,1046000
delivered,0,77,2665033455382000,2665033453302793,2665033464737158,16666666,2665033464737158,33425,1017238,1143634,36000,663000,0
predict,0,78,2665033455486000,2665033469896035,2665033481403824,16666666,0,33425,1017238,1143634,0,0,0
gpu_done,0,77,2665033456124000,2665033453302793,2665033464737158,16666666,2665033464737158,33940,946390,1063307,36000,663000,742000
delivered,0,78,2665033470949000,2665033469896035,2665033481403824,16666666,2665033481403824,33940,946390,1063307,36000,744000,0
predict,0,79,2665033471064000,2665033486710695,2665033498070490,16666666,0,33940,946390,1063307,0,0,0
gpu_done,0,78,2665033472324000,2665033469896035,2665033481403824,16666666,2665033481403824,34352,905911,1125645,36000,744000,1375000
delivered,0,79,2665033491794000,2665033486710695,2665033498070490,16666666,2665033498070490,34352,905911,1125645,61000,1555000,0
predict,0,80,2665033491932000,2665033503366758,2665033514737156,16666666,0,34352,905911,1125645,0,0,0
gpu_done,0,79,2665033492980000,2665033486710695,2665033498070490,16666666,2665033498070490,39681,1035728,1137716,61000,1555000,1186000
delivered,0,80,2665033505894000,2665033503366758,2665033514737156,16666666,2665033514737156,39681,1035728,1137716,30000,639000,0
predict,0,81,2665033505999000,2665033519886207,2665033531403822,16666666,0,39681,1035728,1137716,0,0,0
gpu_done,0,80,2665033506696000,2665033503366758,2665033514737156,16666666,2665033514737156,37744,956382,1070572,30000,639000,802000
delivered,0,81,2665033523409000,2665033519886207,2665033531403822,16666666,2665033531403822,37744,956382,1070572,52000,677000,0
predict,0,82,2665033523544000,2665033536682634,2665033548070488,16666666,0,37744,956382,1070572,0,0,0
gpu_done,0,81,2665033524426000,2665033519886207,2665033531403822,16666666,2665033531403822,40595,900505,1059857,52000,677000,1017000
delivered,0,82,2665033541636000,2665033536682634,2665033548070488,16666666,2665033548070488,40595,900505,1059857,59000,1867000,0
predict,0,83,2665033541764000,2665033553428709,2665033564737154,16666666,0,40595,900505,1059857,0,0,0
gpu_done,0,82,2665033542300000,2665033536682634,2665033548070488,16666666,2665033548070488,44275,1093803,980685,59000,1867000,664000
delivered,0,83,2665033554390000,2665033553428709,2665033564737154,16666666,2665033564737154,44275,1093803,980685,24000,809000,0
predict,0,84,2665033554518000,2665033569977569,2665033581403820,16666666,0,44275,1093803,980685,0,0,0
gpu_done,0,83,2665033555327000,2665033553428709,2665033564737154,16666666,2665033564737154,40220,1036842,971948,24000,809000,937000
delivered,0,84,2665033572752000,2665033569977569,2665033581403820,16666666,2665033581403820,40220,1036842,971948,28000,652000,0
predict,0,85,2665033572868000,2665033586712322,2665033598070486,16666666,0,40220,1036842,971948,0,0,0
gpu_done,0,84,2665033573626000,2665033569977569,2665033581403820,16666666,2665033581403820,37776,959873,952358,28000,652000,874000
delivered,0,85,2665033590115000,2665033586712322,2665033598070486,16666666,2665033598070486,37776,959873,952358,28000,826000,0
predict,0,86,2665033591469000,2665033603477659,2665033614737152,16666666,0,37776,959873,952358,0,0,0
gpu_done,0,85,2665033591828000,2665033586712322,2665033598070486,16666666,2665033598070486,35820,933098,1104486,28000,826000,1713000
delivered,0,86,2665033608273000,2665033603477659,2665033614737152,16666666,2665033614737152,35820,933098,1104486,56000,1685000,0
predict,0,87,2665033608484000,2665033620017262,2665033631403818,16666666,0,35820,933098,1104486,0,0,0
gpu_done,0,86,2665033608970000,2665033603477659,2665033614737152,16666666,2665033614737152,39856,1083478,1022988,56000,1685000,697000
delivered,0,87,2665033624321000,2665033620017262,2665033631403818,16666666,2665033631403818,39856,1083478,1022988,28000,1362000,0
predict,0,88,2665033624721000,2665033636600344,2665033648070484,16666666,0,39856,1083478,1022988,0,0,0
gpu_done,0,87,2665033624871000,2665033620017262,2665033631403818,16666666,2665033631403818,37484,1139182,928390,28000,1362000,550000
delivered,0,88,2665033637759000,2665033636600344,2665033648070484,16666666,2665033648070484,37484,1139182,928390,36000,697000,0
predict,0,89,2665033637856000,2665033653308276,2665033664737150,16666666,0,37484,1139182,928390,0,0,0
gpu_done,0,88,2665033638817000,2665033636600344,2665033648070484,16666666,2665033648070484,37187,1050745,954311,36000,697000,1058000
delivered,0,89,2665033658402000,2665033653308276,2665033664737150,16666666,2665033664737150,37187,1050745,954311,98000,924000,0
predict,0,90,2665033658504000,2665033670053423,2665033681403816,16666666,0,37187,1050745,954311,0,0,0
gpu_done,0,89,2665033659227000,2665033653308276,2665033664737150,16666666,2665033664737150,49349,1025396,928448,98000,924000,825000
delivered,0,90,2665033672796000,2665033670053423,2665033681403816,16666666,2665033681403816,49349,1025396,928448,58000,775000,0
predict,0,91,2665033672910000,2665033686759139,2665033698070482,16666666,0,49349,1025396,928448,0,0,0
gpu_done,0,90,2665033674048000,2665033670053423,2665033681403816,16666666,2665033681403816,51079,975316,993158,58000,775000,1252000
delivered,0,91,2665033691994000,2665033686759139,2665033698070482,16666666,2665033698070482,51079,975316,993158,62000,1669000,0
predict,0,92,2665033692115000,2665033703406113,2665033714737148,16666666,0,51079,975316,993158,0,0,0
gpu_done,0,91,2665033692847000,2665033686759139,2665033698070482,16666666,2665033698070482,53263,1114052,965126,62000,1669000,853000
delivered,0,92,2665033706632000,2665033703406113,2665033714737148,16666666,2665033714737148,53263,1114052,965126,37000,745000,0
predict,0,93,2665033706762000,2665033719959891,2665033731403814,16666666,0,53263,1114052,965126,0,0,0
gpu_done,0,92,2665033707660000,2665033703406113,2665033714737148,16666666,2665033714737148,50010,1040241,977700,37000,745000,1028000
delivered,0,93,2665033722202000,2665033719959891,2665033731403814,16666666,2665033731403814,50010,1040241,977700,29000,656000,0
predict,0,94,2665033722314000,2665033736679381,2665033748070480,16666666,0,50010,1040241,977700,0,0,0
gpu_done,0,93,2665033723588000,2665033719959891,2665033731403814,16666666,2665033731403814,45808,963392,1059360,29000,656000,1386000
delivered,0,94,2665033740198000,2665033736679381,2665033748070480,16666666,2665033748070480,45808,963392,1059360,29000,698000,0
predict,0,95,2665033740399000,2665033753358772,2665033764737146,16666666,0,45808,963392,1059360,0,0,0
gpu_done,0,94,2665033741869000,2665033736679381,2665033748070480,16666666,2665033748070480,42446,910313,1181688,29000,698000,1671000
delivered,0,95,2665033754226000,2665033753358772,2665033764737146,16666666,2665033764737146,42446,910313,1181688,31000,769000,0
predict,0,96,2665033754335000,2665033769956885,2665033781403812,16666666,0,42446,910313,1181688,0,0,0
gpu_done,0,95,2665033755163000,2665033753358772,2665033764737146,16666666,2665033764737146,40156,882050,1132750,31000,769000,937000
delivered,0,96,2665033775158000,2665033769956885,2665033781403812,16666666,2665033781403812,40156,882050,1132750,65000,1164000,0
predict,0,97,2665033775276000,2665033786704710,2665033798070478,16666666,0,40156,882050,1132750,0,0,0
gpu_done,0,96,2665033776119000,2665033769956885,2665033781403812,16666666,2665033781403812,45124,938440,1098400,65000,1164000,961000
delivered,0,97,2665033788892000,2665033786704710,2665033798070478,16666666,2665033798070478,45124,938440,1098400,28000,621000,0
predict,0,98,2665033788996000,2665033803344368,2665033814737144,16666666,0,45124,938440,1098400,0,0,0
gpu_done,0,97,2665033789735000,2665033786704710,2665033798070478,16666666,2665033798070478,41699,874952,1047320,28000,621000,843000
delivered,0,98,2665033808339000,2665033803344368,2665033814737144,16666666,2665033814737144,41699,874952,1047320,61000,1744000,0
predict,0,99,2665033808483000,2665033820126695,2665033831403810,16666666,0,41699,874952,1047320,0,0,0
gpu_done,0,98,2665033809416000,2665033803344368,2665033814737144,16666666,2665033814737144,45559,1048761,1053256,61000,1744000,1077000
delivered,0,99,2665033825031000,2665033820126695,2665033831403810,16666666,2665033831403810,45559,1048761,1053256,27000,1933000,0
predict,0,100,2665033825178000,2665033836608090,2665033848070476,16666666,0,45559,1048761,1053256,0,0,0
gpu_done,0,99,2665033825684000,2665033820126695,2665033831403810,16666666,2665033831403810,41847,1225608,973204,27000,1933000,653000
delivered,0,100,2665033840620000,2665033836608090,2665033848070476,16666666,2665033848070476,41847,1225608,973204,30000,1093000,0
predict,0,101,2665033841168000,2665033853188007,2665033864737142,16666666,0,41847,1225608,973204,0,0,0
gpu_done,0,100,2665033841696000,2665033836608090,2665033848070476,16666666,2665033848070476,39477,1199086,993763,30000,1093000,1076000
delivered,0,101,2665033856049000,2665033853188007,2665033864737142,16666666,2665033864737142,39477,1199086,993763,29000,664000,0
predict,0,102,2665033856165000,2665033869863006,2665033881403808,16666666,0,39477,1199086,993763,0,0,0
gpu_done,0,101,2665033857473000,2665033853188007,2665033864737142,16666666,2665033864737142,37381,1092068,1079810,29000,664000,1424000
delivered,0,102,2665033871297000,2665033869863006,2665033881403808,16666666,2665033881403808,37381,1092068,1079810,31000,804000,0
predict,0,103,2665033871418000,2665033886550073,2665033898070474,16666666,0,37381,1092068,1079810,0,0,0
gpu_done,0,102,2665033872636000,2665033869863006,2665033881403808,16666666,2665033881403808,36104,1034454,1131648,31000,804000,1339000
delivered,0,103,2665033892021000,2665033886550073,2665033898070474,16666666,2665033898070474,36104,1034454,1131648,66000,1762000,0
predict,0,104,2665033892150000,2665033903232460,2665033914737140,16666666,0,36104,1034454,1131648,0,0,0
gpu_done,0,103,2665033892878000,2665033886550073,2665033898070474,16666666,2665033898070474,42083,1179963,1076718,66000,1762000,857000
delivered,0,104,2665033906823000,2665033903232460,2665033914737140,16666666,2665033914737140,42083,1179963,1076718,39000,890000,0
predict,0,105,2665033906926000,2665033919802568,2665033931403806,16666666,0,42083,1179963,1076718,0,0,0
gpu_done,0,104,2665033907674000,2665033903232460,2665033914737140,16666666,2665033914737140,41466,1121970,1031574,39000,890000,851000
delivered,0,105,2665033925690000,2665033919802568,2665033931403806,16666666,2665033931403806,41466,1121970,1031574,27000,2606000,0
predict,0,106,2665033925795000,2665033936569656,2665033948070472,16666666,0,41466,1121970,1031574,0,0,0
gpu_done,0,105,2665033926569000,2665033919802568,2665033931403806,16666666,2665033931403806,38572,1418775,1001059,27000,2606000,879000
delivered,0,106,2665033937699000,2665033936569656,2665033948070472,16666666,2665033948070472,38572,1418775,1001059,30000,670000,0
predict,0,107,2665033937814000,2665033952972926,2665033964737138,16666666,0,38572,1418775,1001059,0,0,0
gpu_done,0,106,2665033942954000,2665033936569656,2665033948070472,16666666,2665033948070472,36857,1269020,1851847,30000,670000,5255000
delivered,0,107,2665033956020000,2665033952972926,2665033964737138,16666666,2665033964737138,36857,1269020,1851847,26000,667000,0
predict,0,108,2665033956142000,2665033968927608,2665033981403804,16666666,0,36857,1269020,1851847,0,0,0
gpu_done,0,107,2665033957177000,2665033952972926,2665033964737138,16666666,2665033964737138,34685,1148615,1712877,26000,667000,1157000
delivered,0,108,2665033970678000,2665033968927608,2665033981403804,16666666,2665033981403804,34685,1148615,1712877,27000,715000,0
predict,0,109,2665033970791000,2665033985850155,2665033998070470,16666666,0,34685,1148615,1712877,0,0,0
gpu_done,0,108,2665033972971000,2665033968927608,2665033981403804,16666666,2665033981403804,33147,1061892,1828901,27000,715000,2293000
delivered,0,109,2665033988707000,2665033985850155,2665033998070470,16666666,2665033998070470,33147,1061892,1828901,28000,582000,0
predict,0,110,2665033988917000,2665034002488392,2665034014737136,16666666,0,33147,1061892,1828901,0,0,0
gpu_done,0,109,2665033989693000,2665033985850155,2665033998070470,16666666,2665033998070470,32117,965913,1660320,28000,582000,986000
delivered,0,110,2665034003908000,2665034002488392,2665034014737136,16666666,2665034014737136,32117,965913,1660320,35000,722000,0
predict,0,111,2665034004013000,2665034019428982,2665034031403802,16666666,0,32117,965913,1660320,0,0,0
gpu_done,0,110,2665034005271000,2665034002488392,2665034014737136,16666666,2665034014737136,32693,917130,1600856,35000,722000,1363000
delivered,0,111,2665034025319000,2665034019428982,2665034031403802,16666666,2665034031403802,32693,917130,1600856,29000,1971000,0
predict,0,112,2665034025436000,2665034036208987,2665034048070468,16666666,0,32693,917130,1600856,0,0,0
gpu_done,0,111,2665034026333000,2665034019428982,2665034031403802,16666666,2665034031403802,31954,1127904,1483484,29000,1971000,1014000
delivered,0,112,2665034039680000,2665034036208987,2665034048070468,16666666,2665034048070468,31954,1127904,1483484,26000,721000,0
predict,0,113,2665034039782000,2665034052782990,2665034064737134,16666666,0,31954,1127904,1483484,0,0,0
gpu_done,0,112,2665034041273000,2665034036208987,2665034048070468,16666666,2665034048070468,30763,1046523,1505387,26000,721000,1593000
delivered,0,113,2665034054279000,2665034052782990,2665034064737134,16666666,2665034064737134,30763,1046523,1505387,29000,781000,0
predict,0,114,2665034054389000,2665034069507659,2665034081403800,16666666,0,30763,1046523,1505387,0,0,0
gpu_done,0,113,2665034055187000,2665034052782990,2665034064737134,16666666,2665034064737134,30410,993418,1385909,29000,781000,908000
delivered,0,114,2665034072974000,2665034069507659,2665034081403800,16666666,2665034081403800,30410,993418,1385909,31000,696000,0
predict,0,115,2665034073101000,2665034086350595,2665034098070466,16666666,0,30410,993418,1385909,0,0,0
gpu_done,0,114,2665034074950000,2665034069507659,2665034081403800,16666666,2665034081403800,30528,933934,1503927,31000,696000,1976000
delivered,0,115,2665034087907000,2665034086350595,2665034098070466,16666666,2665034098070466,30528,933934,1503927,28000,808000,0
predict,0,116,2665034088148000,2665034102964943,2665034114737132,16666666,0,30528,933934,1503927,0,0,0
gpu_done,0,115,2665034089214000,2665034086350595,2665034098070466,16666666,2665034098070466,30022,908747,1464541,28000,808000,1307000
delivered,0,116,2665034106606000,2665034102964943,2665034114737132,16666666,2665034114737132,30022,908747,1464541,26000,705000,0
predict,0,117,2665034106901000,2665034119693022,2665034131403798,16666666,0,30022,908747,1464541,0,0,0
gpu_done,0,116,2665034108346000,2665034102964943,2665034114737132,16666666,2665034114737132,29217,867997,1519632,26000,705000,1740000
delivered,0,117,2665034123159000,2665034119693022,2665034131403798,16666666,2665034131403798,29217,867997,1519632,29000,646000,0
predict,0,118,2665034123381000,2665034136343486,2665034148070464,16666666,0,29217,867997,1519632,0,0,0
gpu_done,0,117,2665034124990000,2665034119693022,2665034131403798,16666666,2665034131403798,29173,823597,1581905,29000,646000,1831000
delivered,0,118,2665034137768000,2665034136343486,2665034148070464,16666666,2665034148070464,29173,823597,1581905,34000,721000,0
predict,0,119,2665034137894000,2665034152994657,2665034164737130,16666666,0,29173,823597,1581905,0,0,0
gpu_done,0,118,2665034138948000,2665034136343486,2665034148070464,16666666,2665034148070464,30138,803077,1501524,34000,721000,1180000
delivered,0,119,2665034158742000,2665034152994657,2665034164737130,16666666,2665034164737130,30138,803077,1501524,65000,1803000,0
predict,0,120,2665034158869000,2665034169762927,2665034181403796,16666666,0,30138,803077,1501524,0,0,0
gpu_done,0,119,2665034159557000,2665034152994657,2665034164737130,16666666,2665034164737130,37110,1003061,1364219,65000,1803000,815000
delivered,0,120,2665034171596000,2665034169762927,2665034181403796,16666666,2665034181403796,37110,1003061,1364219,27000,831000,0
predict,0,121,2665034171747000,2665034186359942,2665034198070462,16666666,0,37110,1003061,1364219,0,0,0
gpu_done,0,120,2665034172599000,2665034169762927,2665034181403796,16666666,2665034181403796,35088,968648,1291975,27000,831000,1003000
delivered,0,121,2665034188124000,2665034186359942,2665034198070462,16666666,2665034198070462,35088,968648,1291975,29000,897000,0
predict,0,122,2665034188260000,2665034203130621,2665034214737128,16666666,0,35088,968648,1291975,0,0,0
gpu_done,0,121,2665034188885000,2665034186359942,2665034198070462,16666666,2665034198070462,33870,954318,1185779,29000,897000,761000
delivered,0,122,2665034208308000,2665034203130621,2665034214737128,16666666,2665034214737128,33870,954318,1185779,60000,1397000,0
predict,0,123,2665034208425000,2665034219915699,2665034231403794,16666666,0,33870,954318,1185779,0,0,0
gpu_done,0,122,2665034209154000,2665034203130621,2665034214737128,16666666,2665034214737128,39095,1042854,1117823,60000,1397000,846000
delivered,0,123,2665034223091000,2665034219915699,2665034231403794,16666666,2665034231403794,39095,1042854,1117823,69000,650000,0
predict,0,124,2665034223187000,2665034236556560,2665034248070460,16666666,0,39095,1042854,1117823,0,0,0
gpu_done,0,123,2665034224562000,2665034219915699,2665034231403794,16666666,2665034231403794,45075,964283,1188458,69000,650000,1471000
delivered,0,124,2665034241547000,2665034236556560,2665034248070460,16666666,2665034248070460,45075,964283,1188458,67000,1521000,0
predict,0,125,2665034241667000,2665034253222850,2665034264737126,16666666,0,45075,964283,1188458,0,0,0
gpu_done,0,124,2665034242647000,2665034236556560,2665034248070460,16666666,2665034248070460,49459,1075626,1170766,67000,1521000,1100000
delivered,0,125,2665034254090000,2665034253222850,2665034264737126,16666666,2665034264737126,49459,1075626,1170766,23000,647000,0
predict,0,126,2665034254204000,2665034269791481,2665034281403792,16666666,0,49459,1075626,1170766,0,0,0
gpu_done,0,125,2665034255048000,2665034253222850,2665034264737126,16666666,2665034264737126,44167,989900,1128212,23000,647000,958000
delivered,0,126,2665034275281000,2665034269791481,2665034281403792,16666666,2665034281403792,44167,989900,1128212,64000,1708000,0
predict,0,127,2665034275398000,2665034286603387,2665034298070458,16666666,0,44167,989900,1128212,0,0,0
gpu_done,0,126,2665034276298000,2665034269791481,2665034281403792,16666666,2665034281403792,48133,1133519,1105969,64000,1708000,1017000
delivered,0,127,2665034288302000,2665034286603387,2665034298070458,16666666,2665034298070458,48133,1133519,1105969,29000,903000,0
predict,0,128,2665034288418000,2665034303144711,2665034314737124,16666666,0,48133,1133519,1105969,0,0,0
gpu_done,0,127,2665034289385000,2665034286603387,2665034298070458,16666666,2665034298070458,44306,1087415,1101375,29000,903000,1083000
delivered,0,128,2665034306722000,2665034303144711,2665034314737124,16666666,2665034314737124,44306,1087415,1101375,29000,732000,0
predict,0,129,2665034307105000,2665034319860236,2665034331403790,16666666,0,44306,1087415,1101375,0,0,0
gpu_done,0,128,2665034308498000,2665034303144711,2665034314737124,16666666,2665034314737124,41244,1016332,1236299,29000,732000,1776000
delivered,0,129,2665034322617000,2665034319860236,2665034331403790,16666666,2665034331403790,41244,1016332,1236299,32000,722000,0
predict,0,130,2665034322820000,2665034336461457,2665034348070456,16666666,0,41244,1016332,1236299,0,0,0
gpu_done,0,129,2665034323376000,2665034319860236,2665034331403790,16666666,2665034331403790,39395,957465,1140839,32000,722000,759000
delivered,0,130,2665034339404000,2665034336461457,2665034348070456,16666666,2665034348070456,39395,957465,1140839,58000,768000,0
predict,0,131,2665034339502000,2665034353283633,2665034364737122,16666666,0,39395,957465,1140839,0,0,0
gpu_done,0,130,2665034340303000,2665034336461457,2665034348070456,16666666,2665034348070456,43116,919572,1092471,58000,768000,899000
delivered,0,131,2665034354228000,2665034353283633,2665034364737122,16666666,2665034364737122,43116,919572,1092471,30000,740000,0
predict,0,132,2665034354351000,2665034370024173,2665034381403788,16666666,0,43116,919572,1092471,0,0,0
gpu_done,0,131,2665034355268000,2665034353283633,2665034364737122,16666666,2665034364737122,40492,883657,1081976,30000,740000,1040000
delivered,0,132,2665034373503000,2665034370024173,2665034381403788,16666666,2665034381403788,40492,883657,1081976,32000,805000,0
predict,0,133,2665034373618000,2665034386752207,2665034398070454,16666666,0,40492,883657,1081976,0,0,0
gpu_done,0,132,2665034374566000,2665034370024173,2665034381403788,16666666,2665034381403788,38793,867925,1078180,32000,805000,1063000
delivered,0,133,2665034391810000,2665034386752207,2665034398070454,16666666,2665034398070454,38793,867925,1078180,78000,1624000,0
predict,0,134,2665034391952000,2665034403439768,2665034414737120,16666666,0,38793,867925,1078180,0,0,0
gpu_done,0,133,2665034392882000,2665034386752207,2665034398070454,16666666,2665034398070454,46634,1019140,1076944,78000,1624000,1072000
delivered,0,134,2665034407497000,2665034403439768,2665034414737120,16666666,2665034414737120,46634,1019140,1076944,28000,1125000,0
predict,0,135,2665034407684000,2665034419942948,2665034431403786,16666666,0,46634,1019140,1076944,0,0,0
gpu_done,0,134,2665034408475000,2665034403439768,2665034414737120,16666666,2665034414737120,42907,1040311,1057155,28000,1125000,978000
delivered,0,135,2665034420641000,2665034419942948,2665034431403786,16666666,2665034431403786,42907,1040311,1057155,24000,629000,0
predict,0,136,2665034420749000,2665034436611959,2665034448070452,16666666,0,42907,1040311,1057155,0,0,0
gpu_done,0,135,2665034421665000,2665034419942948,2665034431403786,16666666,2665034431403786,39125,958048,1050524,24000,629000,1024000
delivered,0,136,2665034441280000,2665034436611959,2665034448070452,16666666,2665034448070452,39125,958048,1050524,41000,1081000,0
predict,0,137,2665034441414000,2665034453368969,2665034464737118,16666666,0,39125,958048,1050524,0,0,0
gpu_done,0,136,2665034441976000,2665034436611959,2665034448070452,16666666,2665034448070452,39500,982638,979619,41000,1081000,696000
delivered,0,137,2665034455431000,2665034453368969,2665034464737118,16666666,2665034464737118,39500,982638,979619,26000,697000,0
predict,0,138,2665034455541000,2665034470081575,2665034481403784,16666666,0,39500,982638,979619,0,0,0
gpu_done,0,137,2665034461608000,2665034453368969,2665034464737118,16666666,2665034464737118,36800,925510,2019095,26000,697000,6177000
delivered,0,138,2665034474871000,2665034470081575,2665034481403784,16666666,2665034481403784,36800,925510,2019095,37000,1343000,0
predict,0,139,2665034474980000,2665034485777261,2665034498070450,16666666,0,36800,925510,2019095,0,0,0
gpu_done,0,138,2665034475484000,2665034470081575,2665034481403784,16666666,2665034481403784,36840,1009008,1737876,37000,1343000,613000
delivered,0,139,2665034488677000,2665034485777261,2665034498070450,16666666,2665034498070450,36840,1009008,1737876,63000,943000,0
predict,0,140,2665034488777000,2665034502641608,2665034514737116,16666666,0,36840,1009008,1737876,0,0,0
gpu_done,0,139,2665034489396000,2665034485777261,2665034498070450,16666666,2665034498070450,42072,995806,1534100,63000,943000,719000
delivered,0,140,2665034506157000,2665034502641608,2665034514737116,16666666,2665034514737116,42072,995806,1534100,60000,788000,0
predict,0,141,2665034506269000,2665034519521354,2665034531403782,16666666,0,42072,995806,1534100,0,0,0
gpu_done,0,140,2665034506877000,2665034502641608,2665034514737116,16666666,2665034514737116,45657,954244,1371280,60000,788000,720000
delivered,0,141,2665034523860000,2665034519521354,2665034531403782,16666666,2665034531403782,45657,954244,1371280,30000,1171000,0
predict,0,142,2665034524911000,2665034536390485,2665034548070448,16666666,0,45657,954244,1371280,0,0,0
gpu_done,0,141,2665034525315000,2665034519521354,2665034531403782,16666666,2665034531403782,42525,997595,1388023,30000,1171000,1455000
delivered,0,142,2665034538802000,2665034536390485,2665034548070448,16666666,2665034548070448,42525,997595,1388023,36000,885000,0
predict,0,143,2665034538920000,2665034553000189,2665034564737114,16666666,0,42525,997595,1388023,0,0,0
gpu_done,0,142,2665034539554000,2665034536390485,2665034548070448,16666666,2665034548070448,41219,975076,1260818,36000,885000,752000
delivered,0,143,2665034558447000,2665034553000189,2665034564737114,16666666,2665034564737114,41219,975076,1260818,75000,1818000,0
predict,0,144,2665034558598000,2665034569813553,2665034581403780,16666666,0,41219,975076,1260818,0,0,0
gpu_done,0,143,2665034559334000,2665034553000189,2665034564737114,16666666,2665034564737114,47975,1143660,1186054,75000,1818000,887000
delivered,0,144,2665034570564000,2665034569813553,2665034581403780,16666666,2665034581403780,47975,1143660,1186054,22000,665000,0
predict,0,145,2665034570670000,2665034586379643,2665034598070446,16666666,0,47975,1143660,1186054,0,0,0
gpu_done,0,144,2665034572430000,2665034569813553,2665034581403780,16666666,2665034581403780,42780,1047928,1322043,22000,665000,1866000
delivered,0,145,2665034590685000,2665034586379643,2665034598070446,16666666,2665034598070446,42780,1047928,1322043,32000,1054000,0
predict,0,146,2665034591698000,2665034603013915,2665034614737112,16666666,0,42780,1047928,1322043,0,0,0
gpu_done,0,145,2665034591867000,2665034586379643,2665034598070446,16666666,2665034598070446,40624,1049142,1294034,32000,1054000,1182000
delivered,0,146,2665034607007000,2665034603013915,2665034614737112,16666666,2665034614737112,40624,1049142,1294034,38000,1089000,0
predict,0,147,2665034607596000,2665034619707866,2665034631403778,16666666,0,40624,1049142,1294034,0,0,0
gpu_done,0,146,2665034608143000,2665034603013915,2665034614737112,16666666,2665034614737112,40099,1057113,1262427,38000,1089000,1136000
delivered,0,147,2665034623314000,2665034619707866,2665034631403778,16666666,2665034631403778,40099,1057113,1262427,32000,766000,0
predict,0,148,2665034623740000,2665034636398693,2665034648070444,16666666,0,40099,1057113,1262427,0,0,0
gpu_done,0,147,2665034625133000,2665034619707866,2665034631403778,16666666,2665034631403778,38479,998890,1373741,32000,766000,1819000
delivered,0,148,2665034637802000,2665034636398693,2665034648070444,16666666,2665034648070444,38479,998890,1373741,28000,682000,0
predict,0,149,2665034637911000,2665034653012222,2665034664737110,16666666,0,38479,998890,1373741,0,0,0
gpu_done,0,148,2665034639713000,2665034636398693,2665034648070444,16666666,2665034648070444,36383,935512,1481192,28000,682000,1911000
delivered,0,149,2665034655482000,2665034653012222,2665034664737110,16666666,2665034664737110,36383,935512,1481192,29000,879000,0
predict,0,150,2665034655586000,2665034669640245,2665034681403776,16666666,0,36383,935512,1481192,0,0,0
gpu_done,0,149,2665034656283000,2665034653012222,2665034664737110,16666666,2665034664737110,34906,924209,1345153,29000,879000,801000
delivered,0,150,2665034671187000,2665034669640245,2665034681403776,16666666,2665034681403776,34906,924209,1345153,27000,761000,0
predict,0,151,2665034671299000,2665034686458064,2665034698070442,16666666,0,34906,924209,1345153,0,0,0
gpu_done,0,150,2665034674216000,2665034669640245,2665034681403776,16666666,2665034681403776,33324,891567,1681922,27000,761000,3029000
delivered,0,151,2665034692240000,2665034686458064,2665034698070442,16666666,2665034698070442,33324,891567,1681922,59000,2025000,0
predict,0,152,2665034692455000,2665034702820853,2665034714737108,16666666,0,33324,891567,1681922,0,0,0
gpu_done,0,151,2665034693011000,2665034686458064,2665034698070442,16666666,2665034698070442,38459,1118253,1499737,59000,2025000,771000
delivered,0,152,2665034704068000,2665034702820853,2665034714737108,16666666,2665034714737108,38459,1118253,1499737,26000,649000,0
predict,0,153,2665034704176000,2665034719437883,2665034731403774,16666666,0,38459,1118253,1499737,0,0,0
gpu_done,0,152,2665034708870000,2665034702820853,2665034714737108,16666666,2665034714737108,35967,1024402,2160189,26000,649000,4802000
delivered,0,153,2665034722800000,2665034719437883,2665034731403774,16666666,2665034731403774,35967,1024402,2160189,32000,755000,0
predict,0,154,2665034722902000,2665034735537774,2665034748070440,16666666,0,35967,1024402,2160189,0,0,0
gpu_done,0,153,2665034723879000,2665034719437883,2665034731403774,16666666,2665034731403774,35173,970521,1943951,32000,755000,1079000
delivered,0,154,2665034736198000,2665034735537774,2665034748070440,16666666,2665034748070440,35173,970521,1943951,28000,581000,0
predict,0,155,2665034736295000,2665034752464687,2665034764737106,16666666,0,35173,970521,1943951,0,0,0
gpu_done,0,154,2665034739126000,2665034735537774,2665034748070440,16666666,2665034748070440,33738,892616,2140760,28000,581000,2928000
delivered,0,155,2665034757594000,2665034752464687,2665034764737106,16666666,2665034764737106,33738,892616,2140760,31000,1209000,0
predict,0,156,2665034757757000,2665034769015552,2665034781403772,16666666,0,33738,892616,2140760,0,0,0
gpu_done,0,155,2665034758505000,2665034752464687,2665034764737106,16666666,2665034764737106,33190,955892,1894808,31000,1209000,911000
delivered,0,156,2665034770751000,2665034769015552,2665034781403772,16666666,2665034781403772,33190,955892,1894808,24000,678000,0
predict,0,157,2665034770852000,2665034785865442,2665034798070438,16666666,0,33190,955892,1894808,0,0,0
gpu_done,0,156,2665034773662000,2665034769015552,2665034781403772,16666666,2665034781403772,31352,900313,2098046,24000,678000,2911000
delivered,0,157,2665034788789000,2665034785865442,2665034798070438,16666666,2665034798070438,31352,900313,2098046,37000,609000,0
predict,0,158,2665034789005000,2665034802381621,2665034814737104,16666666,0,31352,900313,2098046,0,0,0
gpu_done,0,157,2665034789985000,2665034785865442,2665034798070438,16666666,2665034798070438,32481,842050,1917636,37000,609000,1196000
delivered,0,158,2665034806420000,2665034802381621,2665034814737104,16666666,2665034814737104,32481,842050,1917636,28000,635000,0
predict,0,159,2665034806633000,2665034819288165,2665034831403770,16666666,0,32481,842050,1917636,0,0,0
gpu_done,0,158,2665034808606000,2665034802381621,2665034814737104,16666666,2665034814737104,31584,800640,1971308,28000,635000,2186000
delivered,0,159,2665034822633000,2665034819288165,2665034831403770,16666666,2665034831403770,31584,800640,1971308,31000,647000,0
predict,0,160,2665034822746000,2665034835956800,2665034848070436,16666666,0,31584,800640,1971308,0,0,0
gpu_done,0,159,2665034823845000,2665034819288165,2665034831403770,16666666,2665034831403770,31467,769912,1819446,31000,647000,1212000
delivered,0,160,2665034837815000,2665034835956800,2665034848070436,16666666,2665034848070436,31467,769912,1819446,34000,699000,0
predict,0,161,2665034837923000,2665034852794507,2665034864737102,16666666,0,31467,769912,1819446,0,0,0
gpu_done,0,160,2665034840670000,2665034835956800,2665034848070436,16666666,2665034848070436,31973,755729,2026556,34000,699000,2855000
delivered,0,161,2665034853504000,2665034852794507,2665034864737102,16666666,2665034864737102,31973,755729,2026556,28000,599000,0
predict,0,162,2665034853620000,2665034869265074,2665034881403768,16666666,0,31973,755729,2026556,0,0,0
gpu_done,0,161,2665034856351000,2665034852794507,2665034864737102,16666666,2665034864737102,31178,724383,2190644,28000,599000,2847000
delivered,0,162,2665034870652000,2665034869265074,2665034881403768,16666666,2665034881403768,31178,724383,2190644,36000,661000,0
predict,0,163,2665034870758000,2665034885803127,2665034898070434,16666666,0,31178,724383,2190644,0,0,0
gpu_done,0,162,2665034872553000,2665034869265074,2665034881403768,16666666,2665034881403768,32142,711706,2132715,36000,661000,1901000
delivered,0,163,2665034890391000,2665034885803127,2665034898070434,16666666,2665034898070434,32142,711706,2132715,30000,743000,0
predict,0,164,2665034890498000,2665034902549769,2665034914737100,16666666,0,32142,711706,2132715,0,0,0
gpu_done,0,163,2665034891797000,2665034885803127,2665034898070434,16666666,2665034898070434,31713,717964,1987371,30000,743000,1406000
delivered,0,164,2665034906317000,2665034902549769,2665034914737100,16666666,2665034914737100,31713,717964,1987371,76000,734000,0
predict,0,165,2665034906427000,2665034919344284,2665034931403766,16666666,0,31713,717964,1987371,0,0,0
gpu_done,0,164,2665034907378000,2665034902549769,2665034914737100,16666666,2665034914737100,40570,721171,1802096,76000,734000,1061000
delivered,0,165,2665034922046000,2665034919344284,2665034931403766,16666666,2665034931403766,40570,721171,1802096,28000,656000,0
predict,0,166,2665034922152000,2665034936181495,2665034948070432,16666666,0,40570,721171,1802096,0,0,0
gpu_done,0,165,2665034922875000,2665034919344284,2665034931403766,16666666,2665034931403766,38056,708136,1607476,28000,656000,829000
delivered,0,166,2665034938455000,2665034936181495,2665034948070432,16666666,2665034948070432,38056,708136,1607476,31000,581000,0
predict,0,167,2665034938631000,2665034953069664,2665034964737098,16666666,0,38056,708136,1607476,0,0,0
gpu_done,0,166,2665034942431000,2665034936181495,2665034948070432,16666666,2665034948070432,36644,682708,2081180,31000,581000,3976000
delivered,0,167,2665034955067000,2665034953069664,2665034964737098,16666666,2665034964737098,36644,682708,2081180,32000,549000,0
predict,0,168,2665034955165000,2665034969290800,2665034981403764,16666666,0,36644,682708,2081180,0,0,0
gpu_done,0,167,2665034955973000,2665034953069664,2665034964737098,16666666,2665034964737098,35715,655966,1846144,32000,549000,906000
delivered,0,168,2665034971801000,2665034969290800,2665034981403764,16666666,2665034981403764,35715,655966,1846144,33000,865000,0
predict,0,169,2665034971910000,2665034986209507,2665034998070430,16666666,0,35715,655966,1846144,0,0,0
gpu_done,0,168,2665034972915000,2665034969290800,2665034981403764,16666666,2665034981403764,35172,697772,1699715,33000,865000,1114000
delivered,0,169,2665034989234000,2665034986209507,2665034998070430,16666666,2665034998070430,35172,697772,1699715,27000,869000,0
predict,0,170,2665034989337000,2665035002988673,2665035014737096,16666666,0,35172,697772,1699715,0,0,0
gpu_done,0,169,2665034990001000,2665034986209507,2665034998070430,16666666,2665034998070430,33537,732017,1513172,27000,869000,767000
delivered,0,170,2665035006270000,2665035002988673,2665035014737096,16666666,2665035014737096,33537,732017,1513172,70000,637000,0
predict,0,171,2665035006369000,2665035019804606,2665035031403762,16666666,0,33537,732017,1513172,0,0,0
gpu_done,0,170,2665035007790000,2665035002988673,2665035014737096,16666666,2665035014737096,40829,713013,1514537,70000,637000,1520000
delivered,0,171,2665035022053000,2665035019804606,2665035031403762,16666666,2665035031403762,40829,713013,1514537,29000,616000,0
predict,0,172,2665035022157000,2665035036487953,2665035048070428,16666666,0,40829,713013,1514537,0,0,0
gpu_done,0,171,2665035023095000,2665035019804606,2665035031403762,16666666,2665035031403762,38463,693610,1420029,29000,616000,1042000
delivered,0,172,2665035041863000,2665035036487953,2665035048070428,16666666,2665035048070428,38463,693610,1420029,68000,1617000,0
predict,0,173,2665035041979000,2665035053274564,2665035064737094,16666666,0,38463,693610,1420029,0,0,0
gpu_done,0,172,2665035042828000,2665035036487953,2665035048070428,16666666,2665035048070428,44370,878287,1329023,68000,1617000,965000
delivered,0,173,2665035055487000,2665035053274564,2665035064737094,16666666,2665035064737094,44370,878287,1329023,29000,645000,0
predict,0,174,2665035055725000,2665035069841652,2665035081403760,16666666,0,44370,878287,1329023,0,0,0
gpu_done,0,173,2665035056466000,2665035053274564,2665035064737094,16666666,2665035064737094,41296,831629,1259018,29000,645000,979000
delivered,0,174,2665035073101000,2665035069841652,2665035081403760,16666666,2665035081403760,41296,831629,1259018,32000,626000,0
predict,0,175,2665035073203000,2665035086626389,2665035098070426,16666666,0,41296,831629,1259018,0,0,0
gpu_done,0,174,2665035074086000,2665035069841652,2665035081403760,16666666,2665035081403760,39436,790503,1204214,32000,626000,985000
delivered,0,175,2665035096570000,2665035086626389,2665035098070426,16666666,2665035098070426,39436,790503,1204214,274000,970000,0
predict,0,176,2665035096733000,2665035103400513,2665035114737092,16666666,0,39436,790503,1204214,0,0,0
gpu_done,0,175,2665035097988000,2665035086626389,2665035098070426,16666666,2665035098070426,86348,826402,1246971,274000,970000,1418000
delivered,0,176,2665035105713000,2665035103400513,2665035114737092,16666666,2665035114737092,86348,826402,1246971,29000,581000,0
predict,0,177,2665035105824000,2665035119941611,2665035131403758,16666666,0,86348,826402,1246971,0,0,0
gpu_done,0,176,2665035107054000,2665035103400513,2665035114737092,16666666,2665035114737092,74878,777321,1265776,29000,581000,1341000
delivered,0,177,2665035124589000,2665035119941611,2665035131403758,16666666,2665035131403758,74878,777321,1265776,64000,1053000,0
predict,0,178,2665035124713000,2665035136630691,2665035148070424,16666666,0,74878,777321,1265776,0,0,0
gpu_done,0,177,2665035125361000,2665035119941611,2665035131403758,16666666,2665035131403758,72702,832456,1167020,64000,1053000,772000
delivered,0,178,2665035140867000,2665035136630691,2665035148070424,16666666,2665035148070424,72702,832456,1167020,33000,1190000,0
predict,0,179,2665035141113000,2665035153339488,2665035164737090,16666666,0,72702,832456,1167020,0,0,0
gpu_done,0,178,2665035141732000,2665035136630691,2665035148070424,16666666,2665035148070424,64761,903964,1106616,33000,1190000,865000
delivered,0,179,2665035154506000,2665035153339488,2665035164737090,16666666,2665035164737090,64761,903964,1106616,27000,607000,0
predict,0,180,2665035154701000,2665035170002991,2665035181403756,16666666,0,64761,903964,1106616,0,0,0
gpu_done,0,179,2665035155408000,2665035153339488,2665035164737090,16666666,2665035164737090,57208,844571,1065692,27000,607000,902000
delivered,0,180,2665035174719000,2665035170002991,2665035181403756,16666666,2665035181403756,57208,844571,1065692,28000,814000,0
predict,0,181,2665035174822000,2665035186781195,2665035198070422,16666666,0,57208,844571,1065692,0,0,0
gpu_done,0,180,2665035176114000,2665035170002991,2665035181403756,16666666,2665035181403756,51366,838456,1131553,28000,814000,1395000
delivered,0,181,2665035190598000,2665035186781195,2665035198070422,16666666,2665035198070422,51366,838456,1131553,33000,692000,0
predict,0,182,2665035190719000,2665035203393957,2665035214737088,16666666,0,51366,838456,1131553,0,0,0
gpu_done,0,181,2665035191680000,2665035186781195,2665035198070422,16666666,2665035198070422,47692,809164,1121642,33000,692000,1082000
delivered,0,182,2665035207633000,2665035203393957,2665035214737088,16666666,2665035214737088,47692,809164,1121642,65000,947000,0
predict,0,183,2665035207864000,2665035220101168,2665035231403754,16666666,0,47692,809164,1121642,0,0,0
gpu_done,0,182,2665035208620000,2665035203393957,2665035214737088,16666666,2665035214737088,51153,836731,1094713,65000,947000,987000
delivered,0,183,2665035221739000,2665035220101168,2665035231403754,16666666,2665035231403754,51153,836731,1094713,27000,870000,0
predict,0,184,2665035221843000,2665035236763735,2665035248070420,16666666,0,51153,836731,1094713,0,0,0
gpu_done,0,183,2665035222631000,2665035220101168,2665035231403754,16666666,2665035231403754,46322,843384,1054170,27000,870000,892000
delivered,0,184,2665035241393000,2665035236763735,2665035248070420,16666666,2665035248070420,46322,843384,1054170,36000,1225000,0
predict,0,185,2665035241500000,2665035253482790,2665035264737086,16666666,0,46322,843384,1054170,0,0,0
gpu_done,0,184,2665035242047000,2665035236763735,2665035248070420,16666666,2665035248070420,44257,919707,974136,36000,1225000,654000
delivered,0,185,2665035255386000,2665035253482790,2665035264737086,16666666,2665035264737086,44257,919707,974136,59000,931000,0
predict,0,186,2665035255490000,2665035270155232,2665035281403752,16666666,0,44257,919707,974136,0,0,0
gpu_done,0,185,2665035256175000,2665035253482790,2665035264737086,16666666,2665035264737086,47205,921965,937108,59000,931000,789000
delivered,0,186,2665035273318000,2665035270155232,2665035281403752,16666666,2665035281403752,47205,921965,937108,28000,619000,0
predict,0,187,2665035273431000,2665035286846054,2665035298070418,16666666,0,47205,921965,937108,0,0,0
gpu_done,0,186,2665035276169000,2665035270155232,2665035281403752,16666666,2665035281403752,43364,861372,1319886,28000,619000,2851000
delivered,0,187,2665035290690000,2665035286846054,2665035298070418,16666666,2665035298070418,43364,861372,1319886,28000,700000,0
predict,0,188,2665035290853000,2665035303190044,2665035314737084,16666666,0,43364,861372,1319886,0,0,0
gpu_done,0,187,2665035291814000,2665035286846054,2665035298070418,16666666,2665035298070418,40291,829097,1280708,28000,700000,1124000
delivered,0,188,2665035306333000,2665035303190044,2665035314737084,16666666,2665035314737084,40291,829097,1280708,29000,857000,0
predict,0,189,2665035306447000,2665035319931236,2665035331403750,16666666,0,40291,829097,1280708,0,0,0
gpu_done,0,188,2665035307317000,2665035303190044,2665035314737084,16666666,2665035314737084,38032,834677,1221366,29000,857000,984000
delivered,0,189,2665035322382000,2665035319931236,2665035331403750,16666666,2665035331403750,38032,834677,1221366,26000,574000,0
predict,0,190,2665035322525000,2665035336653257,2665035348070416,16666666,0,38032,834677,1221366,0,0,0
gpu_done,0,189,2665035323234000,2665035319931236,2665035331403750,16666666,2665035331403750,35625,782541,1147492,26000,574000,852000
delivered,0,190,2665035337848000,2665035336653257,2665035348070416,16666666,2665035348070416,35625,782541,1147492,31000,706000,0
predict,0,191,2665035337956000,2665035353450674,2665035364737082,16666666,0,35625,782541,1147492,0,0,0
gpu_done,0,190,2665035339780000,2665035336653257,2665035348070416,16666666,2665035348070416,34700,767232,1304393,31000,706000,1932000
delivered,0,191,2665035356047000,2665035353450674,2665035364737082,16666666,2665035364737082,34700,767232,1304393,26000,622000,0
gpu_done,0,191,2665035357161000,2665035353450674,2665035364737082,16666666,2665035364737082,32960,738185,1266314,26000,622000,1114000
predict,1,1,2665530765387000,2665530768679666,2665530781383932,16666666,0,2000000,2000000,0,0,0,0
predict,1,2,2665530793408000,2665530801401666,2665530814717264,16666666,0,2000000,2000000,0,0,0,0
predict,1,3,2665530808465000,2665530818065666,2665530831383930,16666666,0,2000000,2000000,0,0,0,0
predict,1,4,2665530823514000,2665530834732332,2665530848050596,16666666,0,2000000,2000000,0,0,0,0
predict,1,5,2665530844715000,2665530851399666,2665530864717262,16666666,0,2000000,2000000,0,0,0,0
predict,1,6,2665530858341000,2665530868063666,2665530881383928,16666666,0,2000000,2000000,0,0,0,0
predict,1,7,2665530877564000,2665530884730666,2665530898050594,16666666,0,2000000,2000000,0,0,0,0
predict,1,8,2665530892347000,2665530901393666,2665530914717260,16666666,0,2000000,2000000,0,0,0,0
